{"firmware": {"family": "micropython", "sysname": "rp2", "version": "1.15.0", "build": "", "mpy": 5637, "port": "rp2", "platform": "rp2", "name": "micropython", "arch": "armv7m", "machine": "Raspberry Pi Pico with RP2040", "nodename": "rp2", "ver": "1.15", "release": "1.15.0"},"stubber": {"version": "1.3.9"},"modules" :[{"file": "/stubs/micropython-rp2-1_15/uasyncio/__init__.py", "module": "uasyncio.__init__"},{"file": "/stubs/micropython-rp2-1_15/uasyncio/core.py", "module": "uasyncio.core"},{"file": "/stubs/micropython-rp2-1_15/uasyncio/event.py", "module": "uasyncio.event"},{"file": "/stubs/micropython-rp2-1_15/uasyncio/funcs.py", "module": "uasyncio.funcs"},{"file": "/stubs/micropython-rp2-1_15/uasyncio/lock.py", "module": "uasyncio.lock"},{"file": "/stubs/micropython-rp2-1_15/uasyncio/stream.py", "module": "uasyncio.stream"},{"file": "/stubs/micropython-rp2-1_15/_thread.py", "module": "_thread"},{"file": "/stubs/micropython-rp2-1_15/array.py", "module": "array"},{"file": "/stubs/micropython-rp2-1_15/binascii.py", "module": "binascii"},{"file": "/stubs/micropython-rp2-1_15/builtins.py", "module": "builtins"},{"file": "/stubs/micropython-rp2-1_15/cmath.py", "module": "cmath"},{"file": "/stubs/micropython-rp2-1_15/collections.py", "module": "collections"},{"file": "/stubs/micropython-rp2-1_15/ds18x20.py", "module": "ds18x20"},{"file": "/stubs/micropython-rp2-1_15/errno.py", "module": "errno"},{"file": "/stubs/micropython-rp2-1_15/framebuf.py", "module": "framebuf"},{"file": "/stubs/micropython-rp2-1_15/gc.py", "module": "gc"},{"file": "/stubs/micropython-rp2-1_15/hashlib.py", "module": "hashlib"},{"file": "/stubs/micropython-rp2-1_15/io.py", "module": "io"},{"file": "/stubs/micropython-rp2-1_15/json.py", "module": "json"},{"file": "/stubs/micropython-rp2-1_15/machine.py", "module": "machine"},{"file": "/stubs/micropython-rp2-1_15/math.py", "module": "math"},{"file": "/stubs/micropython-rp2-1_15/micropython.py", "module": "micropython"},{"file": "/stubs/micropython-rp2-1_15/onewire.py", "module": "onewire"},{"file": "/stubs/micropython-rp2-1_15/os.py", "module": "os"},{"file": "/stubs/micropython-rp2-1_15/random.py", "module": "random"},{"file": "/stubs/micropython-rp2-1_15/re.py", "module": "re"},{"file": "/stubs/micropython-rp2-1_15/rp2.py", "module": "rp2"},{"file": "/stubs/micropython-rp2-1_15/select.py", "module": "select"},{"file": "/stubs/micropython-rp2-1_15/struct.py", "module": "struct"},{"file": "/stubs/micropython-rp2-1_15/sys.py", "module": "sys"},{"file": "/stubs/micropython-rp2-1_15/time.py", "module": "time"},{"file": "/stubs/micropython-rp2-1_15/uarray.py", "module": "uarray"},{"file": "/stubs/micropython-rp2-1_15/ubinascii.py", "module": "ubinascii"},{"file": "/stubs/micropython-rp2-1_15/ucollections.py", "module": "ucollections"},{"file": "/stubs/micropython-rp2-1_15/uctypes.py", "module": "uctypes"},{"file": "/stubs/micropython-rp2-1_15/uerrno.py", "module": "uerrno"},{"file": "/stubs/micropython-rp2-1_15/uhashlib.py", "module": "uhashlib"},{"file": "/stubs/micropython-rp2-1_15/uio.py", "module": "uio"},{"file": "/stubs/micropython-rp2-1_15/ujson.py", "module": "ujson"},{"file": "/stubs/micropython-rp2-1_15/uos.py", "module": "uos"},{"file": "/stubs/micropython-rp2-1_15/urandom.py", "module": "urandom"},{"file": "/stubs/micropython-rp2-1_15/ure.py", "module": "ure"},{"file": "/stubs/micropython-rp2-1_15/uselect.py", "module": "uselect"},{"file": "/stubs/micropython-rp2-1_15/ustruct.py", "module": "ustruct"},{"file": "/stubs/micropython-rp2-1_15/usys.py", "module": "usys"},{"file": "/stubs/micropython-rp2-1_15/utime.py", "module": "utime"},{"file": "/stubs/micropython-rp2-1_15/uzlib.py", "module": "uzlib"},{"file": "/stubs/micropython-rp2-1_15/zlib.py", "module": "zlib"}]}